,precision,recall,f1-score,support
0,0.7222222222222222,0.6,0.6554621848739496,65.0
1,0.43478260869565216,0.5714285714285714,0.49382716049382713,35.0
accuracy,0.59,0.59,0.59,0.59
macro avg,0.5785024154589372,0.5857142857142856,0.5746446726838883,100.0
weighted avg,0.6216183574879227,0.59,0.5988899263409067,100.0
